-- phpMyAdmin SQL Dump
-- version 4.8.4
-- https://www.phpmyadmin.net/
--
-- Host: 127.0.0.1:3306
-- Generation Time: Apr 15, 2020 at 03:22 PM
-- Server version: 5.7.24
-- PHP Version: 7.2.14

SET SQL_MODE = "NO_AUTO_VALUE_ON_ZERO";
SET AUTOCOMMIT = 0;
START TRANSACTION;
SET time_zone = "+00:00";


/*!40101 SET @OLD_CHARACTER_SET_CLIENT=@@CHARACTER_SET_CLIENT */;
/*!40101 SET @OLD_CHARACTER_SET_RESULTS=@@CHARACTER_SET_RESULTS */;
/*!40101 SET @OLD_COLLATION_CONNECTION=@@COLLATION_CONNECTION */;
/*!40101 SET NAMES utf8mb4 */;

--
-- Database: `kdagencies`
--

-- --------------------------------------------------------

--
-- Table structure for table `admin`
--

DROP TABLE IF EXISTS `admin`;
CREATE TABLE IF NOT EXISTS `admin` (
  `name` varchar(20) DEFAULT NULL,
  `pass` varchar(40) DEFAULT NULL
) ENGINE=MyISAM DEFAULT CHARSET=latin1;

--
-- Dumping data for table `admin`
--

INSERT INTO `admin` (`name`, `pass`) VALUES
('Yash', '8cb2237d0679ca88db6464eac60da96345513964');

-- --------------------------------------------------------

--
-- Table structure for table `cartmaster`
--

DROP TABLE IF EXISTS `cartmaster`;
CREATE TABLE IF NOT EXISTS `cartmaster` (
  `id` int(11) NOT NULL AUTO_INCREMENT,
  `pid` varchar(10) NOT NULL,
  `uid` int(11) NOT NULL,
  `price` bigint(20) NOT NULL,
  `qty` bigint(20) NOT NULL,
  PRIMARY KEY (`id`)
) ENGINE=MyISAM AUTO_INCREMENT=35 DEFAULT CHARSET=latin1;

--
-- Dumping data for table `cartmaster`
--

INSERT INTO `cartmaster` (`id`, `pid`, `uid`, `price`, `qty`) VALUES
(34, 'KD101', 3, 1620, 1);

-- --------------------------------------------------------

--
-- Table structure for table `ordermaster`
--

DROP TABLE IF EXISTS `ordermaster`;
CREATE TABLE IF NOT EXISTS `ordermaster` (
  `id` int(11) NOT NULL AUTO_INCREMENT,
  `pid` varchar(10) NOT NULL,
  `uid` int(11) NOT NULL,
  `price` bigint(20) NOT NULL,
  `qty` bigint(20) NOT NULL,
  `transid` varchar(20) NOT NULL,
  PRIMARY KEY (`id`)
) ENGINE=MyISAM AUTO_INCREMENT=26 DEFAULT CHARSET=latin1;

--
-- Dumping data for table `ordermaster`
--

INSERT INTO `ordermaster` (`id`, `pid`, `uid`, `price`, `qty`, `transid`) VALUES
(19, 'KD203', 1, 80, 4, ''),
(10, 'KD102', 1, 2350, 3, ''),
(12, 'KD213', 2, 160, 1, ''),
(13, 'KD213', 2, 160, 1, ''),
(21, 'KD102', 1, 2350, 1, ''),
(15, 'KD202', 2, 99, 1, ''),
(20, 'KD201', 1, 85, 1, ''),
(17, 'KD202', 2, 99, 1, ''),
(18, 'KD203', 2, 80, 1, '645646'),
(25, 'KD309', 3, 1400, 1, '3442');

-- --------------------------------------------------------

--
-- Table structure for table `products`
--

DROP TABLE IF EXISTS `products`;
CREATE TABLE IF NOT EXISTS `products` (
  `NAME` char(40) NOT NULL,
  `CODE` char(6) NOT NULL,
  `PRICE` int(11) NOT NULL,
  `BRAND` char(30) NOT NULL,
  `QUANTITY` int(11) NOT NULL,
  `PACKAGING_TYPE` char(6) DEFAULT NULL,
  `MATERIAL` char(30) DEFAULT NULL,
  `COLOR` char(30) DEFAULT NULL,
  `SIZE` char(20) DEFAULT NULL,
  `HEIGHT` char(10) DEFAULT NULL,
  `WIDTH` char(10) DEFAULT NULL,
  `TYPE` char(40) DEFAULT NULL,
  `image` varchar(1000) NOT NULL,
  PRIMARY KEY (`CODE`)
) ENGINE=MyISAM DEFAULT CHARSET=latin1;

--
-- Dumping data for table `products`
--

INSERT INTO `products` (`NAME`, `CODE`, `PRICE`, `BRAND`, `QUANTITY`, `PACKAGING_TYPE`, `MATERIAL`, `COLOR`, `SIZE`, `HEIGHT`, `WIDTH`, `TYPE`, `image`) VALUES
('SUMO TOWEL STAND', 'KD101', 1620, 'TNT', 25, '1PCS', NULL, '', NULL, '58 inch', '36 inch', 'HOUSEHOLD', 'TNT/SUMO TOWEL STAND.JPG'),
('SS SUMO TOWEL STAND', 'KD102', 2350, 'TNT', 25, '1PCS', NULL, '', NULL, ' 58 inch', '36 inch', 'HOUSEHOLD', 'TNT/SS SUMO.JPG'),
('MINI SUMO TOWEL STAND', 'KD103', 1400, 'TNT', 25, '1PCS', NULL, 'WHITE', NULL, '29 INCH', '36 INCH', 'HOUSEHOLD', 'TNT/MINI SUMO.JPG'),
('OYESTER TOWEL STAND', 'KD104', 1400, 'TNT', 25, '1 PCS', NULL, NULL, NULL, '61 INCH', '36 INCH', 'HOUSEHOLD', 'TNT/OYSTER.JPEG'),
('WINSOME TOWEL STAND', 'KD105', 1410, 'TNT', 25, '1 PCS', NULL, NULL, NULL, '40 INCH', '52 INCH', 'HOUSEHOLD', 'TNT/WINSOME.JPG'),
('SMART TOWEL STAND', 'KD106', 2225, 'TNT', 25, '1 PCS', NULL, NULL, NULL, '45 INCH', '64 INCH', 'HOUSEHOLD', 'TNT/SMART STAND.JPG'),
('JUMBO TOWEL STAND', 'KD107', 2225, 'TNT', 25, '1 PCS', NULL, NULL, NULL, '70 INCH', '29 INCH', 'HOUSEHOLD', 'TNT/JUMBO.JPG'),
('SUPER JUMBO TOWEL STAND', 'KD108', 3050, 'TNT', 25, '1 PCS', NULL, NULL, NULL, NULL, NULL, 'HOUSEHOLD', 'TNT/SUPER JUMBO.JPG'),
('LADDER CAMEO 2 STEP', 'KD109', 1150, 'TNT', 25, '1 PCS', NULL, NULL, NULL, '33.5 INCH', '18.5 INCH', 'HOUSEHOLD', 'TNT/Cameo 2.JPEG'),
('LADDER CAMEO 3 STEP', 'KD110', 1650, 'TNT', 25, '1 PCS', NULL, NULL, NULL, '40 INCH', '18.5 INCH', 'HOUSEHOLD', 'TNT/Cameo 3.JPEG'),
('LADDER CAMEO 4 STEP', 'KD111', 2100, 'TNT', 25, '1PCS', NULL, NULL, NULL, '53,5 INCH', '18.5 INCH', 'HOUSEHOLD', 'TNT/Cameo 4.JPEG'),
('LADDER CAMEO 5 STEP', 'KD112', 2650, 'TNT', 25, '1 PCS', NULL, NULL, NULL, '62 INCH', '18.5 INCH', 'HOUSEHOLD', 'TNT/Cameo 5.JPG'),
('LADDER CAMEO 6 STEP', 'KD113', 3300, 'TNT', 25, '1PCS', NULL, NULL, NULL, '71.5 INCH', '18.5 INCH', 'HOUSEHOLD', 'TNT/Cameo 6.JPG'),
('LADDER MAPPLE 3 STEP', 'KD114', 2100, 'TNT', 25, '1PCS', NULL, NULL, NULL, '44 INCH', '19 INCH', 'HOUSEHOLD', 'TNT/Mapple 3.JPG'),
('LADDER MAPPLE 4 STEP', 'KD115', 2250, 'TNT', 25, '1 PCS', NULL, NULL, NULL, '54 INCH', '20 INCH', 'HOUSEHOLD', 'TNT/Mapple 4.JPG'),
('LADDER MAPPLE 5 STEP', 'KD116', 3350, 'TNT', 25, '1 PCS', NULL, NULL, NULL, '64 INCH', '21 INCH', 'HOUSEHOLD', 'TNT/Mapple 5.JPG'),
('LADDER MAPPLE 6  STEP', 'KD117', 3950, 'TNT', 25, '1 PCS', NULL, NULL, NULL, '74 INCH', '22 INCH', 'HOUSEHOLD', 'TNT/Mapple 6.JPG'),
('LADDER MAPPLE 7 STEP', 'KD118', 4450, 'TNT', 25, '1PCS', NULL, NULL, NULL, '84 INCH', '23 INCH', 'HOUSEHOLD', 'TNT/Mapple 7.JPG'),
('TRENDY RACK 3 SHELF', 'KD119', 850, 'TNT', 25, '1 PCS', NULL, NULL, NULL, '27 INCH', '24 INCH', 'HOUSEHOLD', 'TNT/Trendy 3.JPG'),
('TRENDY RACK 4 SHELF', 'KD120', 1025, 'TNT', 25, '1 PCS', NULL, NULL, NULL, '36 INCH', '24 INCH', 'HOUSEHOLD', 'TNT/Trendy 4.JPG'),
('TRENDY RACK 5 SHELF', 'KD121', 1200, 'TNT', 25, '1 PCS', NULL, NULL, NULL, '45 INCH', '24 INCH', 'HOUSEHOLD', 'TNT/Trendy 5.JPG'),
('TRENDY RACK 6 SHELF', 'KD122', 1380, 'TNT', 25, '1 PCS', NULL, NULL, NULL, '54 INCH', '24 INCH', 'HOUSEHOLD', 'TNT/Trendy 6.JPG'),
('SMART RACK 3 SHELF', 'KD123', 650, 'TNT', 25, '1 PCS', NULL, NULL, NULL, '27 INCH', '24 INCH', 'HOUSEHOLD', 'TNT/Smart 3.JPG'),
('SMART RACK 4 SHELF', 'KD124', 780, 'TNT', 25, '1 PCS', NULL, NULL, NULL, '36 INCH', '24 INCH', 'HOUSEHOLD', 'TNT/Smart 4.JPG'),
('SMART RACK 5 SHELF', 'KD125', 940, 'TNT', 25, '1 PCS', NULL, NULL, NULL, '45 INCH', '24 INCH', 'HOUSEHOLD', 'TNT/Smart 5.JPG'),
('SMART RACK 6 SHELF', 'KD126', 1100, 'TNT', 25, '1 PCS', NULL, NULL, NULL, '54 INCH', '24 INCH', 'HOUSEHOLD', 'TNT/Smart 6.JPG'),
('SHOE CABINET 3 SHELF', 'KD127', 3700, 'TNT', 25, '1 PCS', NULL, NULL, NULL, '42 INCH', '21 INCH', 'HOUSEHOLD', 'TNT/Shoe Cabinet 3.JPG'),
('SHOE CABINET 4 SHELF', 'KD128', 4450, 'TNT', 25, '1 PCS', NULL, NULL, NULL, '55 INCH', '21 INCH', 'HOUSEHOLD', 'TNT/Shoe Cabinet 4.JPG'),
('SHOE CABINET 5 SHELF', 'KD129', 5200, 'TNT', 25, '1 PCS', NULL, NULL, NULL, '68 INCH', '21 INCH', 'HOUSEHOLD', 'TNT/Shoe Cabinet 5.JPG'),
('SHOE CABINET 3 SHELF', 'KD130', 4150, 'TNT', 25, '1 PCS', NULL, NULL, NULL, '28 INCH', '26 INCH', 'HOUSEHOLD', 'TNT/Shoe Cabinet 3.JPG'),
('SHOE CABINET 4 SHELF', 'KD131', 5150, 'TNT', 25, '1 PCS', NULL, NULL, NULL, '55 INCH', '26 INCH', 'HOUSEHOLD', 'TNT/Shoe Cabinet 3.JPG'),
('SHOE CABINET 5 SHELF', 'KD132', 6150, 'TNT', 25, '1 PCS', NULL, NULL, NULL, '68 INCH', '26 INCH', 'HOUSEHOLD', 'TNT/Shoe Cabinet 5.JPG'),
('IRON TABLE REGULAR', 'KD133', 850, 'TNT', 25, '1 PCS', NULL, NULL, NULL, NULL, '15 INCH', 'HOUSEHOLD', 'TNT/REGULAR.JPG'),
('IRON TABLE REGULAR', 'KD134', 975, 'TNT', 25, '1 PCS', NULL, NULL, NULL, NULL, '18 INCH', 'HOUSEHOLD', 'TNT/REGULAR.JPG'),
('IRON TABLE DELUXE', 'KD135', 1100, 'TNT', 25, '1 PCS', NULL, NULL, NULL, NULL, '18 INCH', 'HOUSEHOLD', 'TNT/DELUX.JPG'),
('MULTIPURPOSE TABLE SMALL', 'KD136', 690, 'TNT', 25, '1 PCS', NULL, NULL, NULL, NULL, '12 INCH', 'HOUSEHOLD', 'TNT/Multipurpose Table.JPG'),
('MULTIPURPOSE TABLE BIG', 'KD137', 780, 'TNT', 25, '1 PCS', NULL, NULL, NULL, NULL, '16 INCH', 'HOUSEHOLD', 'TNT/Multipurpose Table.JPG'),
('TOP LOOK CABINET', 'KD138', 1575, 'TNT', 25, '1 PCS', NULL, NULL, NULL, '18 INCH', '14 INCH', 'HOUSEHOLD', 'TNT/TOP LOOK CABINET.JPG'),
('NEW LOOK CABINET', 'KD139', 1800, 'TNT', 25, '1 PCS', NULL, NULL, NULL, '24 INCH', '16 INCH', 'HOUSEHOLD', 'TNT/NEW LOOK CABINET.JPG'),
('SANDY STOOL', 'KD140', 300, 'TNT', 25, '1 PCS', NULL, NULL, NULL, NULL, NULL, 'HOUSEHOLD', 'TNT/MINI SUMO.JPG'),
('REGULAR LIGHTER', 'KD201', 85, 'RITU', 100, NULL, NULL, 'RED,BLUE', NULL, NULL, NULL, 'KITCHENWARE', 'RITU/REGULAR.JPG '),
('REGULAR LIGHTER(Free Gift)', 'KD202', 99, 'RITU', 500, NULL, NULL, 'RED', NULL, NULL, NULL, 'KITCHENWARE', 'RITU/REGULAR GIFT.JPG '),
('MICKEY LIGHTER', 'KD203', 80, 'RITU', 500, NULL, NULL, NULL, NULL, NULL, NULL, 'KITCHENWARE', 'RITU/MICKEY.JPG '),
('CHOPPER', 'KD204', 600, 'RITU', 200, NULL, NULL, NULL, NULL, NULL, NULL, 'KITCHENWARE', 'RITU/CHOOPER.JPG '),
('PREMIUM  CUTLERY SET', 'KD205', 645, 'RITU', 100, '1 PCS', NULL, NULL, NULL, NULL, NULL, 'KITCHENWARE', 'RITU/PREMIUM CUTLERY SET.JPG '),
('DELUXE CUTLERY SET', 'KD206', 575, 'RITU', 100, NULL, NULL, NULL, NULL, NULL, NULL, 'KITCHENWARE', 'RITU/DELUXE CUTLERY SET.JPG '),
('BABY FORK', 'KD207', 118, 'RITU', 100, '10 PCS', NULL, NULL, NULL, NULL, NULL, 'KITCHENWARE', 'RITU/BABY FORK.JPG '),
('FRUIT FORK', 'KD208', 96, 'RITU', 100, '10 PCS', NULL, NULL, NULL, NULL, NULL, 'KITCHENWARE', 'RITU/FRUIT FORK.JPG '),
('GRATER SMALL', 'KD209', 95, 'RITU', 200, '1 PCS', NULL, NULL, NULL, NULL, NULL, 'KITCHENWARE', 'RITU/GRATER SMALL.JPG '),
('CHOPPING BOARD NO 1', 'KD210', 110, 'RITU', 100, '1 PCS', NULL, 'WOODEN', NULL, NULL, NULL, 'KITCHENWARE', 'RITU/CHOPPING BOARD 1.JPG '),
('CHOPPING BOARD NO 3', 'KD211', 155, 'RITU', 100, '1 PCS', NULL, 'WOODEN', NULL, NULL, NULL, 'KITCHENWARE', 'RITU/CHOPPING BOARD 3.JPG '),
('CHOPPING BOARD NO 5', 'KD212', 200, 'RITU', 100, '1 PCS', NULL, 'WOODEN', NULL, NULL, NULL, 'KITCHENWARE', 'RITU/CHOPPING BOARD 5.JPG '),
('CHOPPING BOARD WHITE NO 1', 'KD213', 160, 'RITU', 100, '1 PCS', NULL, 'WHITE', NULL, NULL, NULL, 'KITCHENWARE', 'RITU/CHOPPING BOARD W 1.JPG '),
('CHOPPING BOARD WHITE NO 3', 'KD214', 245, 'RITU', 100, '1 PCS', NULL, 'WHITE', NULL, NULL, NULL, 'KITCHENWARE', 'RITU/CHOPPING BOARD W 3.JPG '),
('CUT N WASH', 'KD215', 180, 'RITU', 150, '1 PCS', NULL, 'WOODEN', NULL, NULL, NULL, 'KITCHENWARE', 'RITU/CUT N WASH WOODEN.JPG '),
('CUT N WASH WHITE', 'KD216', 250, 'RITU', 100, '1 PCS', NULL, 'WHITE', NULL, NULL, NULL, 'KITCHENWARE', 'RITU/CUT N WASH WHITE.JPG '),
('SOFT GRIP HANDLE KNIFE PLAIN  8 INCH', 'KD217', 60, 'RITU', 500, NULL, 'STAINLESS STEEL', 'BLUE', NULL, NULL, NULL, 'KITCHENWARE', 'RITU/SG 8.JPG '),
('SOFT GRIP HANDLE KNIFE PLAIN  9 INCH', 'KD218', 63, 'RITU', 500, NULL, 'STAINLESS STEEL', 'BLUE', NULL, NULL, NULL, 'KITCHENWARE', 'RITU/CHOPPING BOARD 5.JPG '),
('SOFT GRIP HANDLE PARING KNIFE  8 INCH', 'KD219', 60, 'RITU', 500, 'PACKET', 'STAINLESS STEEL AND PLASTIC', 'BLUE', NULL, NULL, NULL, 'KITCHENWARE', 'RITU/CHOPPING BOARD 5.JPG '),
('3 RIVET HANDLE KNIFE 8 INCH', 'KD220', 43, 'RITU', 500, 'PACKET', 'STAINLESS STEEL & PLASTIC', 'BLACK', NULL, NULL, NULL, 'KITCHENWARE', 'RITU/RIVET 8.JPG '),
('3 RIVET HANDLE KNIFE 9 INCH', 'KD221', 47, 'RITU', 500, NULL, 'STAINLESS STEEL & PLASTIC', 'BLACK', NULL, NULL, NULL, 'KITCHENWARE', 'RITU/RIVET 9.JPG '),
('STAR SERIES KNIFE PLAIN  8 INCH', 'KD222', 64, 'RITU', 500, 'PACKET', 'STAINLESS STEEL & PLASTIC', 'GREEN', NULL, NULL, NULL, 'KITCHENWARE', 'RITU/SG 8.JPG'),
('STAR SERIES KNIFE PLAIN  9 INCH', 'KD223', 68, 'RITU', 500, 'PACKET', 'STAINLESS STEEL & PLASTIC', 'GREEN', NULL, NULL, NULL, 'KITCHENWARE', 'RITU/CHOPPING BOARD 5.JPG '),
('BLACK HANDLE KNIFE LASER 8 INCH', 'KD224', 49, 'RITU', 250, 'PACKET', 'STAINLESS STEEL & PLASTIC', 'BLACK', NULL, NULL, NULL, 'KITCHENWARE', 'RITU/BH LASER 8.JPG '),
('BLACK HANDLE KNIFE LASER 9 INCH', 'KD225', 53, 'RITU', 500, NULL, 'STAINLESS STEEL & PLASTIC', 'BLACK', NULL, NULL, NULL, 'KITCHENWARE', 'RITU/BH LASER 9.JPG '),
('BLACK HANDLE KNIFE PLAIN 8 INCH', 'KD226', 49, 'RITU', 250, NULL, 'STAINLESS STEEL & PLASTIC', 'BLACK', NULL, NULL, NULL, 'KITCHENWARE', 'RITU/BH PLAIN 8.JPG '),
('BLACK HANDLE KNIFE PLAIN 9 INCH', 'KD227', 53, 'RITU', 250, NULL, 'STAINLESS STEEL & PLASTIC', 'BLACK', NULL, NULL, NULL, 'KITCHENWARE', 'RITU/BH PLAIN 9.JPG '),
('3 PCS KNIFE SET', 'KD228', 63, 'RITU', 400, 'PACKET', 'STAINLESS STEEL & PLASTIC', NULL, NULL, NULL, NULL, 'KITCHENWARE', 'RITU/KNIFE SET.JPG '),
('5 PCS KNIFE CARD', 'KD229', 120, 'RITU', 200, 'PACKET', 'STAINLESS STEEL & PLASTIC', NULL, NULL, NULL, NULL, 'KITCHENWARE', 'RITU/CARD KNIFE SET.JPG '),
('PARING KNIFE', 'KD230', 23, 'RITU', 250, NULL, 'STAINLESS STEEL & PLASTIC', 'RED', NULL, NULL, NULL, 'KITCHENWARE', 'RITU/PARING KNIFE.JPG '),
('PEELER PLASTIC HANDLE', 'KD231', 24, 'RITU', 200, '12 PCS', 'STAINLESS STEEL & PLASTIC', 'RED', NULL, NULL, NULL, 'KITCHENWARE', 'RITU/PEELER PLASTIC H.JPG '),
('PEELER PIPE HANDLE KNIFE', 'KD232', 35, 'RITU', 100, NULL, 'STAINLESS STEEL & PLASTIC', 'BLACK', NULL, NULL, NULL, 'KITCHENWARE', 'RITU/PEELER PIPE H.JPG '),
('PEELER  DELUXE', 'KD233', 30, 'RITU', 500, NULL, NULL, NULL, NULL, NULL, NULL, 'KITCHENWARE', 'RITU/PEELER DELUXE.JPG '),
('PEELER (10 PCS)', 'KD234', 165, 'RITU', 100, NULL, NULL, NULL, NULL, NULL, NULL, 'KITCHENWARE', 'RITU/PEELER (10PCS).JPG '),
('PEELER JUMBO', 'KD235', 40, 'RITU', 100, NULL, 'STAINLESS STEEL & PLASTIC', NULL, NULL, NULL, NULL, 'KITCHENWARE', 'RITU/PEELER JUMBO.JPG '),
('PEELER MOVABLE (3 IN 1)', 'KD236', 35, 'RITU', 200, '1 PCS', NULL, NULL, NULL, NULL, NULL, 'KITCHENWARE', 'RITU/PEELER MOVABLE.JPG '),
('POTATO MESHER DELUXE', 'KD237', 90, 'RITU', 200, '1 PCS', NULL, NULL, NULL, NULL, NULL, 'KITCHENWARE', 'RITU/POTATO MESHER DELUXE.JPG '),
('POTATO MESHER DELUXE', 'KD238', 90, 'RITU', 200, '1 PCS', NULL, NULL, NULL, NULL, NULL, 'KITCHENWARE', 'RITU/POTATO MESHER DELUXE 1.JPG '),
('POTATO MESHER STEEL HANDLE', 'KD239', 75, 'RITU', 100, '1 PCS', NULL, NULL, NULL, NULL, NULL, 'KITCHENWARE', 'RITU/POTATO MESHER STEEL HANDLE.JPG '),
('ATTA MAKER  2 IN 1', 'KD240', 250, 'RITU', 100, '1 PCS', NULL, NULL, NULL, NULL, NULL, 'KITCHENWARE', 'RITU/ATTA MAKER(2 IN 1).JPG '),
('ATTA MAKER  3 IN 1', 'KD241', 315, 'RITU', 100, '1 PCS', NULL, NULL, NULL, NULL, NULL, 'KITCHENWARE', 'RITU/ATTA MAKER.JPG '),
('KHAL BATTA', 'KD242', 190, 'RITU', 100, NULL, NULL, NULL, NULL, NULL, NULL, 'KITCHENWARE', 'RITU/KHAL BATTA.JPG '),
('SPROUT MAKER', 'KD243', 180, 'RITU', 100, '1 PCS', NULL, NULL, NULL, NULL, NULL, 'KITCHENWARE', 'RITU/SPROUT MAKER.JPG '),
('CYLINDER TROLLEY', 'KD244', 210, 'RITU', 200, '1 PCS', NULL, 'RED,GREEN,BLUE', NULL, NULL, NULL, 'KITCHENWARE', 'RITU/CYLINDER TROLLEY.JPG '),
('ULTRA SOFT  HOT MAT', 'KD245', 145, 'RITU', 400, '4 PCS', NULL, NULL, NULL, NULL, NULL, 'KITCHENWARE', 'RITU/HOT MAT.JPG '),
('GLASS STAND SUPER', 'KD246', 162, 'RITU', 100, '1 PCS', NULL, 'RED', NULL, NULL, NULL, 'KITCHENWARE', 'RITU/GLASS STAND SUPER.JPG '),
('GLASS STAND SS', 'KD247', 305, 'RITU', 200, '1 PCS', 'STAINLESS STEEL', NULL, NULL, NULL, NULL, 'KITCHENWARE', 'RITU/GLASS STAND STEEL.JPG '),
('SUPER MIXI', 'KD248', 69, 'RITU', 500, '1 PCS', 'STAINLESS STEEL', NULL, NULL, NULL, NULL, 'KITCHENWARE', 'RITU/SUPER MIXI.JPG '),
('REGULAR MIXI', 'KD249', 57, 'RITU', 200, '1 PCS', 'STAINLESS STEEL', NULL, NULL, NULL, NULL, 'KITCHENWARE', 'RITU/REGULAR MIXI.JPG '),
('DELUXE MIXI', 'KD250', 87, 'RITU', 200, '1 PCS', 'FULL STAINLESS STEEL', NULL, NULL, NULL, NULL, 'KITCHENWARE', 'RITU/DELUXE MIXI.JPG '),
('DINNER SET BEAUTY', 'KD301', 520, 'MEHRAN ENTERPRISES', 50, '1 PCS', NULL, NULL, NULL, NULL, NULL, 'MELOWARE', 'MELOWARE/BEAUTY.JPG'),
('DINNER SET IDEA', 'KD302', 630, 'MEHRAN ENTERPRISES', 25, '1 PCS', NULL, NULL, NULL, NULL, NULL, 'MELOWARE', 'MELOWARE/IDEA.JPG'),
('DINNER SET MAGIC', 'KD303', 795, 'MEHRAN ENTERPRISES', 25, '1 PCS', NULL, NULL, NULL, NULL, NULL, 'MELOWARE', 'MELOWARE/MAGIC.JPG'),
('DINNER SET PREMIER', 'KD304', 795, 'MEHRAN ENTERPRISES', 50, '1 PCS', NULL, NULL, NULL, NULL, NULL, 'MELOWARE', 'MELOWARE/PREMIUM.JPG'),
('DINNR SET CROWN', 'KD305', 1610, 'MEHRAN ENTERPRISES', 50, '1 PCS', NULL, NULL, NULL, NULL, NULL, 'MELOWARE', 'MELOWARE/CROWNJPG'),
('CLIMAX BEAUTIFUL', 'KD306', 575, 'MEHRAN ENTERPRISES', 50, '1 PCS', NULL, NULL, NULL, NULL, NULL, 'MELOWARE', 'MELOWARE/BEAUTIFULJPG'),
('CLIMAX PREMIUM', 'KD307', 690, 'MEHRAN ENTERPRISES', 50, '1 PCS', NULL, NULL, NULL, NULL, NULL, 'MELOWARE', 'MELOWARE/PREMIER.JPG'),
('CLIMAX TULIP', 'KD308', 1610, 'MEHRAN ENTERPRISES', 50, '1 PCS', NULL, NULL, NULL, NULL, NULL, 'MELOWARE', 'MELOWARE/TULIP.JPG'),
('CLIMAX OPAL', 'KD309', 1400, 'MEHRAN ENTERPRISES', 50, '1 PCS', NULL, NULL, NULL, NULL, NULL, 'MELOWARE', 'MELOWARE/OPAL.JPG'),
('CLIMAX DIAMOND', 'KD310', 1650, 'MEHRAN ENTERPRISES', 50, '1 PCS', NULL, NULL, NULL, NULL, NULL, 'MELOWARE', 'MELOWARE/DIAMOND.JPG'),
('CLIMAX LIBERTY', 'KD311', 1700, 'MEHRAN ENTERPRISES', 50, NULL, NULL, NULL, NULL, NULL, NULL, 'MELOWARE', 'MELOWARE/LIBERTY.JPG'),
('FULL PLATE PLAIN', 'KD312', 280, 'MEHRAN ENTERPRISES', 300, '6 PCS', NULL, NULL, NULL, NULL, NULL, 'MELOWARE', 'MELOWARE/FULLPLAIN.JPEG'),
('FULL PLATE PRINTED', 'KD313', 325, 'MEHRAN ENTERPRISES', 300, '6 PCS', NULL, NULL, NULL, NULL, NULL, 'MELOWARE', 'MELOWARE/FULLPRINTED.JPG'),
('QUARTER PLATE PLAIN', 'KD314', 160, 'MEHRAN ENTERPRISES', 300, '6 PCS', NULL, NULL, NULL, NULL, NULL, 'MELOWARE', 'MELOWARE/QUARTERPLAIN.JPG'),
('QUARTER PLATE PRINTED', 'KD315', 210, 'MEHRAN ENTERPRISES', 300, NULL, NULL, NULL, NULL, NULL, NULL, 'MELOWARE', 'MELOWARE/QUARTERPLAIN.JPG'),
('NET COVER 7 NO.', 'KD401', 63, 'ATAL MAL INDUSTRIES', 300, '1PCS', 'STAINLESS STEEL', NULL, '18 cm', NULL, NULL, 'STRAINER', 'STRAINERS/NET COVER 7 .JPG'),
('NET COVER 8 NO.', 'KD402', 78, 'ATAL MAL INDUSTRIES', 300, '1PCS', 'STAINLESS STEEL', NULL, '20 cm', NULL, NULL, 'STRAINER', 'STRAINERS/NET COVER 8 .JPG'),
('NET COVER 9 NO.', 'KD403', 89, 'ATAL MAL INDUSTRIES', 300, '1PCS', 'STAINLESS STEEL', NULL, '23 cm', NULL, NULL, 'STRAINER', 'STRAINERS/NET COVER 9 .JPG'),
('NET COVER 10 NO.', 'KD404', 100, 'ATAL MAL INDUSTRIES', 300, '1PCS', 'STAINLESS STEEL', NULL, '25 cm', NULL, NULL, 'STRAINER', 'STRAINERS/NET COVER 10 .JPG'),
('NET COVER 11 NO.', 'KD405', 119, 'ATAL MAL INDUSTRIES', 300, '1PCS', 'STAINLESS STEEL', NULL, '28 cm', NULL, NULL, 'STRAINER', 'STRAINERS/NET COVER 11.JPG'),
('NET COVER 12 NO.', 'KD406', 138, 'ATAL MAL INDUSTRIES', 300, '1PCS', 'STAINLESS STEEL', NULL, '31 cm', NULL, NULL, 'STRAINER', 'STRAINERS/NET COVER 12.JPG'),
('SOUP & JUICE STRAINER 4 NO.', 'KD407', 95, 'ATAL MAL INDUSTRIES', 200, '1PCS', 'STAINLESS STEEL', NULL, '12 cm', NULL, NULL, 'STRAINER', 'STRAINERS/SOUP STRAINER .JPG'),
('SOUP & JUICE STRAINER 5 NO.', 'KD408', 109, 'ATAL MAL INDUSTRIES', 300, '1PCS', 'STAINLESS STEEL', NULL, '14 cm', NULL, NULL, 'STRAINER', 'STRAINERS/SOUP STRAINER .JPG'),
('SOUP & JUICE STRAINER 6 NO.', 'KD409', 120, 'ATAL MAL INDUSTRIES', 100, '1PCS', 'STAINLESS STEEL', NULL, '16 cm', NULL, NULL, 'STRAINER', 'STRAINERS/SOUP STRAINER .JPG'),
('SOUP & JUICE STRAINER 7 NO.', 'KD410', 158, 'ATAL MAL INDUSTRIES', 200, '1PCS', 'STAINLESS STEEL', NULL, '18 cm', NULL, NULL, 'STRAINER', 'STRAINERS/SOUP STRAINER.JPG'),
('SOUP & JUICE STRAINER 8 NO.', 'KD411', 189, 'ATAL MAL INDUSTRIES', 100, '1PCS', 'STAINLESS STEEL', NULL, '20 cm', NULL, NULL, 'STRAINER', 'STRAINERS/SOUP STRAINER.JPG'),
('SOUP & JUICE STRAINER 9 NO.', 'KD412', 230, 'ATAL MAL INDUSTRIES', 100, '1PCS', 'STAINLESS STEEL', NULL, '23 cm', NULL, NULL, 'STRAINER', 'STRAINERS/SOUP STRAINER .JPG'),
('TEA STRAINER DOUBLE JALLY 1 NO.', 'KD413', 38, 'ATAL MAL INDUSTRIES', 200, '1PCS', 'STAINLESS STEEL', NULL, '7 cm', NULL, NULL, 'STRAINER', 'STRAINERS/DOUBLE NET 2.JPG'),
('TEA STRAINER DOUBLE JALLY 2 NO.', 'KD414', 41, 'ATAL MAL INDUSTRIES', 200, '1PCS', 'STAINLESS STEEL', NULL, '8 cm', NULL, NULL, 'STRAINER', 'STRAINERS/DOUBLE NET 2.JPG'),
('TEA STRAINER DOUBLE JALLY 3 NO.', 'KD415', 48, 'ATAL MAL INDUSTRIES', 100, '1PCS', 'STAINLESS STEEL', NULL, '9 cm', NULL, NULL, 'STRAINER', 'STRAINERS/DOUBLE NET 3JPG'),
('CONE STRAINER 2 NO', 'KD416', 80, 'ATAL MAL INDUSTRIES', 200, '1PCS', 'STAINLESS STEEL', NULL, NULL, NULL, NULL, 'STRAINER', 'STRAINERS/CONE STRAINER 2.JPG'),
('CONE STRAINER 3 NO.', 'KD417', 86, 'ATAL MAL INDUSTRIES', 100, '1PCS', 'STAINLESS STEEL', NULL, NULL, NULL, NULL, 'STRAINER', 'STRAINERS/CONE STRAINER 3.JPG'),
('COLENDER BASKET 8 NO.', 'KD418', 205, 'ATAL MAL INDUSTRIES', 100, '1PCS', 'STAINLESS STEEL', NULL, '20 cm', NULL, NULL, 'STRAINER', 'STRAINERS/COLENDER BASKET.JPG'),
('COLENDER BASKET 9 NO.', 'KD419', 230, 'ATAL MAL INDUSTRIES', 100, '1PCS', 'STAINLESS STEEL', NULL, '23 cm', NULL, NULL, 'STRAINER', 'STRAINERS/COLENDER BASKET.JPG'),
('COLENDER BASKET 10 NO.', 'KD420', 260, 'ATAL MAL INDUSTRIES', 100, '1PCS', 'STAINLESS STEEL', NULL, '25 cm', NULL, NULL, 'STRAINER', 'STRAINERS/COLENDER BASKET.JPG'),
('COLENDER BASKET 11 NO.', 'KD421', 240, 'ATAL MAL INDUSTRIES', 100, '1PCS', 'STAINLESS STEEL', NULL, '28 cm', NULL, NULL, 'STRAINER', 'STRAINERS/COLENDER BASKET.JPG'),
('COLENDER BASKET 12 NO.', 'KD422', 390, 'ATAL MAL INDUSTRIES', 100, '1PCS', 'STAINLESS STEEL', NULL, '31 cm', NULL, NULL, 'STRAINER', 'STRAINERS/COLENDER BASKET.JPG'),
('INSULATED WATER JUG CONA 12', 'KD501', 465, 'ASHAI ENTERPRISES', 50, '1 PCS', NULL, NULL, NULL, NULL, NULL, 'THERMOWARE', 'KWALITY/CONA 12.JPG'),
('INSULATED WATER JUG CONA 18', 'KD502', 620, 'ASHAI ENTERPRISES', 50, '1 PCS', NULL, NULL, NULL, NULL, NULL, 'THERMOWARE', 'KWALITY/CONA 18.JPG'),
('INSULATED WATER JUG CONA 25', 'KD503', 850, 'ASHAI ENTERPRISES', 50, '1 PCS', NULL, NULL, NULL, NULL, NULL, 'THERMOWARE', 'KWALITY/CONA 25.JPG'),
('INSULATED WATER JUG COOLER 18', 'KD504', 650, 'ASHAI ENTERPRISES', 50, '1 PCS', NULL, NULL, NULL, NULL, NULL, 'THERMOWARE', 'KWALITY/COOLER 18JPG'),
('INSULATED WATER JUG COOLER 24', 'KD505', 750, 'ASHAI ENTERPRISES', 50, '1 PCS', NULL, NULL, NULL, NULL, NULL, 'THERMOWARE', 'KWALITY/COOLER 24.JPG'),
('HOT/ COLD STEEL  JUG AMAZE 7', 'KD506', 715, 'ASHAI ENTERPRISES', 50, '1 PCS', 'STAINLESS STEEL', NULL, NULL, NULL, NULL, 'THERMOWARE', 'KWALITY/AMAZE 10.JPG'),
('HOT/ COLD STEEL  JUG AMAZE 10', 'KD507', 830, 'ASHAI ENTERPRISES', 50, '1 PCS', NULL, NULL, NULL, NULL, NULL, 'THERMOWARE', 'KWALITY/AMAZE.JPG'),
('ZIPPED TIFFIN SS 2', 'KD508', 185, 'ASHAI ENTERPRISES', 200, '1 PCS', NULL, NULL, NULL, NULL, NULL, 'THERMOWARE', ''),
('ZIPPED TIFFIN SS 3', 'KD509', 210, 'ASHAI ENTERPRISES', 300, '1 PCS', NULL, NULL, NULL, NULL, NULL, 'THERMOWARE', ''),
('INSULATED TIFFIN BOX MOJO 2', 'KD510', 230, 'ASHAI ENTERPRISES', 300, '1 PCS', NULL, NULL, NULL, NULL, NULL, 'THERMOWARE', 'KWALITY/MOJO 4.JPG'),
('INSULATED TIFFIN BOX MOJO 3', 'KD511', 300, 'ASHAI ENTERPRISES', 300, '1 PCS', NULL, NULL, NULL, NULL, NULL, 'THERMOWARE', 'KWALITY/MOJO 4.JPG'),
('INSULATED TIFFIN BOX MOJO 4', 'KD512', 360, 'ASHAI ENTERPRISES', 300, '1 PCS', NULL, NULL, NULL, NULL, NULL, 'THERMOWARE', 'KWALITY/MOJO 4.JPG');

-- --------------------------------------------------------

--
-- Table structure for table `usermaster`
--

DROP TABLE IF EXISTS `usermaster`;
CREATE TABLE IF NOT EXISTS `usermaster` (
  `uid` int(11) NOT NULL AUTO_INCREMENT,
  `fname` varchar(50) NOT NULL,
  `lname` varchar(50) NOT NULL,
  `mobile` varchar(13) NOT NULL,
  `email` varchar(100) NOT NULL,
  `pass` varchar(45) NOT NULL,
  `address` varchar(50) NOT NULL,
  PRIMARY KEY (`uid`)
) ENGINE=MyISAM AUTO_INCREMENT=14 DEFAULT CHARSET=latin1;

--
-- Dumping data for table `usermaster`
--

INSERT INTO `usermaster` (`uid`, `fname`, `lname`, `mobile`, `email`, `pass`, `address`) VALUES
(1, 'yash', 'kesarwani', '4643135135465', 'yash@gmail.com', '8cb2237d0679ca88db6464eac60da96345513964', '313 L.I.G. Preetam Nagar, Allahabad'),
(2, 'abc', 'xyz', '37847784788', 'abc@gmail.com', '8cb2237d0679ca88db6464eac60da96345513964', 'ALLAHABAD'),
(3, 'yy', 'kk', '9632105488', '12@g.com', '8cb2237d0679ca88db6464eac60da96345513964', 'ghgjhg'),
(4, 's', 's', '9996663330', '13@g.c', '8cb2237d0679ca88db6464eac60da96345513964', 'Kdhda'),
(5, 's', 's', '9996663330', '13@g.c', '8cb2237d0679ca88db6464eac60da96345513964', 'Kdhda'),
(6, 's', 's', '9996663330', '13@g.c', '8cb2237d0679ca88db6464eac60da96345513964', 'Kdhda'),
(7, 's', 's', '9996663330', '13@g.c', '8cb2237d0679ca88db6464eac60da96345513964', 'Kdhda'),
(8, 's', 's', '9996663330', '13@g.c', '8cb2237d0679ca88db6464eac60da96345513964', 'Kdhda'),
(9, 's', 's', '9996663330', '13@g.c', '8cb2237d0679ca88db6464eac60da96345513964', 'Kdhda'),
(10, 's', 's', '9996663330', '13@g.c', '8cb2237d0679ca88db6464eac60da96345513964', 'Kdhda'),
(11, 's', 's', '9996663330', '13@g.c', '8cb2237d0679ca88db6464eac60da96345513964', 'Kdhda'),
(12, 's', 's', '9996663330', '13@g.c', '8cb2237d0679ca88db6464eac60da96345513964', 'Kdhda'),
(13, 's', 's', '9996663330', '13@g.c', '8cb2237d0679ca88db6464eac60da96345513964', 'Kdhda');
COMMIT;

/*!40101 SET CHARACTER_SET_CLIENT=@OLD_CHARACTER_SET_CLIENT */;
/*!40101 SET CHARACTER_SET_RESULTS=@OLD_CHARACTER_SET_RESULTS */;
/*!40101 SET COLLATION_CONNECTION=@OLD_COLLATION_CONNECTION */;
